,path,emotion
0,data/16k/training\Actor_01\01_01_01_01_kids-talking_angry.wav,angry
1,data/16k/training\Actor_01\01_01_01_02_dogs-sitting_angry.wav,angry
2,data/16k/training\Actor_01\01_01_01_02_kids-talking_angry.wav,angry
3,data/16k/training\Actor_01\01_01_02_01_dogs-sitting_angry.wav,angry
4,data/16k/training\Actor_01\01_01_02_01_kids-talking_angry.wav,angry
5,data/16k/training\Actor_01\01_01_02_02_dogs-sitting_angry.wav,angry
6,data/16k/training\Actor_01\01_01_02_02_kids-talking_angry.wav,angry
7,data/16k/training\Actor_02\02_01_01_02_dogs-sitting_angry.wav,angry
8,data/16k/training\Actor_02\02_01_01_02_kids-talking_angry.wav,angry
9,data/16k/training\Actor_02\02_01_02_01_dogs-sitting_angry.wav,angry
10,data/16k/training\Actor_02\02_01_02_01_kids-talking_angry.wav,angry
11,data/16k/training\Actor_02\02_01_02_02_dogs-sitting_angry.wav,angry
12,data/16k/training\Actor_02\02_01_02_02_kids-talking_angry.wav,angry
13,data/16k/training\Actor_03\03_01_01_01_dogs-sitting_angry.wav,angry
14,data/16k/training\Actor_03\03_01_01_01_kids-talking_angry.wav,angry
15,data/16k/training\Actor_03\03_01_01_02_dogs-sitting_angry.wav,angry
16,data/16k/training\Actor_03\03_01_01_02_kids-talking_angry.wav,angry
17,data/16k/training\Actor_03\03_01_02_01_dogs-sitting_angry.wav,angry
18,data/16k/training\Actor_03\03_01_02_01_kids-talking_angry.wav,angry
19,data/16k/training\Actor_03\03_01_02_02_dogs-sitting_angry.wav,angry
20,data/16k/training\Actor_03\03_01_02_02_kids-talking_angry.wav,angry
21,data/16k/training\Actor_04\04_01_01_01_dogs-sitting_angry.wav,angry
22,data/16k/training\Actor_04\04_01_01_01_kids-talking_angry.wav,angry
23,data/16k/training\Actor_04\04_01_01_02_dogs-sitting_angry.wav,angry
24,data/16k/training\Actor_04\04_01_01_02_kids-talking_angry.wav,angry
25,data/16k/training\Actor_04\04_01_02_01_dogs-sitting_angry.wav,angry
26,data/16k/training\Actor_04\04_01_02_01_kids-talking_angry.wav,angry
27,data/16k/training\Actor_04\04_01_02_02_dogs-sitting_angry.wav,angry
28,data/16k/training\Actor_04\04_01_02_02_kids-talking_angry.wav,angry
29,data/16k/training\Actor_05\05_01_01_01_dogs-sitting_angry.wav,angry
30,data/16k/training\Actor_05\05_01_01_01_kids-talking_angry.wav,angry
31,data/16k/training\Actor_05\05_01_01_02_dogs-sitting_angry.wav,angry
32,data/16k/training\Actor_05\05_01_01_02_kids-talking_angry.wav,angry
33,data/16k/training\Actor_05\05_01_02_01_dogs-sitting_angry.wav,angry
34,data/16k/training\Actor_05\05_01_02_01_kids-talking_angry.wav,angry
35,data/16k/training\Actor_05\05_01_02_02_dogs-sitting_angry.wav,angry
36,data/16k/training\Actor_05\05_01_02_02_kids-talking_angry.wav,angry
37,data/16k/training\Actor_06\06_01_01_01_dogs-sitting_angry.wav,angry
38,data/16k/training\Actor_06\06_01_01_01_kids-talking_angry.wav,angry
39,data/16k/training\Actor_06\06_01_01_02_dogs-sitting_angry.wav,angry
40,data/16k/training\Actor_06\06_01_01_02_kids-talking_angry.wav,angry
41,data/16k/training\Actor_06\06_01_02_01_dogs-sitting_angry.wav,angry
42,data/16k/training\Actor_06\06_01_02_01_kids-talking_angry.wav,angry
43,data/16k/training\Actor_06\06_01_02_02_dogs-sitting_angry.wav,angry
44,data/16k/training\Actor_06\06_01_02_02_kids-talking_angry.wav,angry
45,data/16k/training\Actor_07\07_01_01_01_dogs-sitting_angry.wav,angry
46,data/16k/training\Actor_07\07_01_01_01_kids-talking_angry.wav,angry
47,data/16k/training\Actor_07\07_01_01_02_dogs-sitting_angry.wav,angry
48,data/16k/training\Actor_07\07_01_01_02_kids-talking_angry.wav,angry
49,data/16k/training\Actor_07\07_01_02_01_dogs-sitting_angry.wav,angry
50,data/16k/training\Actor_07\07_01_02_01_kids-talking_angry.wav,angry
51,data/16k/training\Actor_07\07_01_02_02_dogs-sitting_angry.wav,angry
52,data/16k/training\Actor_07\07_01_02_02_kids-talking_angry.wav,angry
53,data/16k/training\Actor_08\08_01_01_01_dogs-sitting_angry.wav,angry
54,data/16k/training\Actor_08\08_01_01_01_kids-talking_angry.wav,angry
55,data/16k/training\Actor_08\08_01_01_02_dogs-sitting_angry.wav,angry
56,data/16k/training\Actor_08\08_01_01_02_kids-talking_angry.wav,angry
57,data/16k/training\Actor_08\08_01_02_01_dogs-sitting_angry.wav,angry
58,data/16k/training\Actor_08\08_01_02_01_kids-talking_angry.wav,angry
59,data/16k/training\Actor_08\08_01_02_02_dogs-sitting_angry.wav,angry
60,data/16k/training\Actor_08\08_01_02_02_kids-talking_angry.wav,angry
61,data/16k/training\Actor_09\09_01_01_01_dogs-sitting_angry.wav,angry
62,data/16k/training\Actor_09\09_01_01_01_kids-talking_angry.wav,angry
63,data/16k/training\Actor_09\09_01_01_02_dogs-sitting_angry.wav,angry
64,data/16k/training\Actor_09\09_01_01_02_kids-talking_angry.wav,angry
65,data/16k/training\Actor_09\09_01_02_01_dogs-sitting_angry.wav,angry
66,data/16k/training\Actor_09\09_01_02_01_kids-talking_angry.wav,angry
67,data/16k/training\Actor_09\09_01_02_02_dogs-sitting_angry.wav,angry
68,data/16k/training\Actor_09\09_01_02_02_kids-talking_angry.wav,angry
69,data/16k/training\Actor_10\10_01_01_01_dogs-sitting_angry.wav,angry
70,data/16k/training\Actor_10\10_01_01_01_kids-talking_angry.wav,angry
71,data/16k/training\Actor_10\10_01_01_02_dogs-sitting_angry.wav,angry
72,data/16k/training\Actor_10\10_01_01_02_kids-talking_angry.wav,angry
73,data/16k/training\Actor_10\10_01_02_01_dogs-sitting_angry.wav,angry
74,data/16k/training\Actor_10\10_01_02_01_kids-talking_angry.wav,angry
75,data/16k/training\Actor_10\10_01_02_02_dogs-sitting_angry.wav,angry
76,data/16k/training\Actor_10\10_01_02_02_kids-talking_angry.wav,angry
77,data/16k/training\Actor_11\11_01_01_01_dogs-sitting_angry.wav,angry
78,data/16k/training\Actor_11\11_01_01_01_kids-talking_angry.wav,angry
79,data/16k/training\Actor_11\11_01_01_02_dogs-sitting_angry.wav,angry
80,data/16k/training\Actor_11\11_01_01_02_kids-talking_angry.wav,angry
81,data/16k/training\Actor_11\11_01_02_01_dogs-sitting_angry.wav,angry
82,data/16k/training\Actor_11\11_01_02_01_kids-talking_angry.wav,angry
83,data/16k/training\Actor_11\11_01_02_02_dogs-sitting_angry.wav,angry
84,data/16k/training\Actor_11\11_01_02_02_kids-talking_angry.wav,angry
85,data/16k/training\Actor_12\12_01_01_01_dogs-sitting_angry.wav,angry
86,data/16k/training\Actor_12\12_01_01_01_kids-talking_angry.wav,angry
87,data/16k/training\Actor_12\12_01_01_02_dogs-sitting_angry.wav,angry
88,data/16k/training\Actor_12\12_01_01_02_kids-talking_angry.wav,angry
89,data/16k/training\Actor_12\12_01_02_01_dogs-sitting_angry.wav,angry
90,data/16k/training\Actor_12\12_01_02_01_kids-talking_angry.wav,angry
91,data/16k/training\Actor_12\12_01_02_02_dogs-sitting_angry.wav,angry
92,data/16k/training\Actor_12\12_01_02_02_kids-talking_angry.wav,angry
93,data/16k/training\Actor_13\13_01_01_01_dogs-sitting_angry.wav,angry
94,data/16k/training\Actor_13\13_01_01_01_kids-talking_angry.wav,angry
95,data/16k/training\Actor_13\13_01_01_02_dogs-sitting_angry.wav,angry
96,data/16k/training\Actor_13\13_01_01_02_kids-talking_angry.wav,angry
97,data/16k/training\Actor_13\13_01_02_01_dogs-sitting_angry.wav,angry
98,data/16k/training\Actor_13\13_01_02_01_kids-talking_angry.wav,angry
99,data/16k/training\Actor_13\13_01_02_02_dogs-sitting_angry.wav,angry
100,data/16k/training\Actor_13\13_01_02_02_kids-talking_angry.wav,angry
101,data/16k/training\Actor_14\14_01_01_01_dogs-sitting_angry.wav,angry
102,data/16k/training\Actor_14\14_01_01_01_kids-talking_angry.wav,angry
103,data/16k/training\Actor_14\14_01_01_02_dogs-sitting_angry.wav,angry
104,data/16k/training\Actor_14\14_01_01_02_kids-talking_angry.wav,angry
105,data/16k/training\Actor_14\14_01_02_01_dogs-sitting_angry.wav,angry
106,data/16k/training\Actor_14\14_01_02_01_kids-talking_angry.wav,angry
107,data/16k/training\Actor_14\14_01_02_02_dogs-sitting_angry.wav,angry
108,data/16k/training\Actor_14\14_01_02_02_kids-talking_angry.wav,angry
109,data/16k/training\Actor_15\15_01_01_01_dogs-sitting_angry.wav,angry
110,data/16k/training\Actor_15\15_01_01_01_kids-talking_angry.wav,angry
111,data/16k/training\Actor_15\15_01_01_02_dogs-sitting_angry.wav,angry
112,data/16k/training\Actor_15\15_01_01_02_kids-talking_angry.wav,angry
113,data/16k/training\Actor_15\15_01_02_01_dogs-sitting_angry.wav,angry
114,data/16k/training\Actor_15\15_01_02_01_kids-talking_angry.wav,angry
115,data/16k/training\Actor_15\15_01_02_02_dogs-sitting_angry.wav,angry
116,data/16k/training\Actor_15\15_01_02_02_kids-talking_angry.wav,angry
117,data/16k/training\Actor_16\16_01_01_01_dogs-sitting_angry.wav,angry
118,data/16k/training\Actor_16\16_01_01_01_kids-talking_angry.wav,angry
119,data/16k/training\Actor_16\16_01_01_02_dogs-sitting_angry.wav,angry
120,data/16k/training\Actor_16\16_01_01_02_kids-talking_angry.wav,angry
121,data/16k/training\Actor_16\16_01_02_01_dogs-sitting_angry.wav,angry
122,data/16k/training\Actor_16\16_01_02_01_kids-talking_angry.wav,angry
123,data/16k/training\Actor_16\16_01_02_02_dogs-sitting_angry.wav,angry
124,data/16k/training\Actor_16\16_01_02_02_kids-talking_angry.wav,angry
125,data/16k/training\Actor_17\17_01_01_01_dogs-sitting_angry.wav,angry
126,data/16k/training\Actor_17\17_01_01_01_kids-talking_angry.wav,angry
127,data/16k/training\Actor_17\17_01_01_02_dogs-sitting_angry.wav,angry
128,data/16k/training\Actor_17\17_01_01_02_kids-talking_angry.wav,angry
129,data/16k/training\Actor_17\17_01_02_01_dogs-sitting_angry.wav,angry
130,data/16k/training\Actor_17\17_01_02_01_kids-talking_angry.wav,angry
131,data/16k/training\Actor_17\17_01_02_02_dogs-sitting_angry.wav,angry
132,data/16k/training\Actor_17\17_01_02_02_kids-talking_angry.wav,angry
133,data/16k/training\Actor_18\18_01_01_01_dogs-sitting_angry.wav,angry
134,data/16k/training\Actor_18\18_01_01_01_kids-talking_angry.wav,angry
135,data/16k/training\Actor_18\18_01_01_02_dogs-sitting_angry.wav,angry
136,data/16k/training\Actor_18\18_01_01_02_kids-talking_angry.wav,angry
137,data/16k/training\Actor_18\18_01_02_01_dogs-sitting_angry.wav,angry
138,data/16k/training\Actor_18\18_01_02_01_kids-talking_angry.wav,angry
139,data/16k/training\Actor_18\18_01_02_02_dogs-sitting_angry.wav,angry
140,data/16k/training\Actor_18\18_01_02_02_kids-talking_angry.wav,angry
141,data/16k/training\Actor_19\19_01_01_01_dogs-sitting_angry.wav,angry
142,data/16k/training\Actor_19\19_01_01_01_kids-talking_angry.wav,angry
143,data/16k/training\Actor_19\19_01_01_02_dogs-sitting_angry.wav,angry
144,data/16k/training\Actor_19\19_01_01_02_kids-talking_angry.wav,angry
145,data/16k/training\Actor_19\19_01_02_01_dogs-sitting_angry.wav,angry
146,data/16k/training\Actor_19\19_01_02_01_kids-talking_angry.wav,angry
147,data/16k/training\Actor_19\19_01_02_02_dogs-sitting_angry.wav,angry
148,data/16k/training\Actor_19\19_01_02_02_kids-talking_angry.wav,angry
149,data/16k/training\Actor_20\20_01_01_01_dogs-sitting_angry.wav,angry
150,data/16k/training\Actor_20\20_01_01_01_kids-talking_angry.wav,angry
151,data/16k/training\Actor_20\20_01_01_02_dogs-sitting_angry.wav,angry
152,data/16k/training\Actor_20\20_01_01_02_kids-talking_angry.wav,angry
153,data/16k/training\Actor_20\20_01_02_01_dogs-sitting_angry.wav,angry
154,data/16k/training\Actor_20\20_01_02_01_kids-talking_angry.wav,angry
155,data/16k/training\Actor_20\20_01_02_02_dogs-sitting_angry.wav,angry
156,data/16k/training\Actor_20\20_01_02_02_kids-talking_angry.wav,angry
157,data/16k/training\Actor_21\21_01_01_01_dogs-sitting_angry.wav,angry
158,data/16k/training\Actor_21\21_01_01_01_kids-talking_angry.wav,angry
159,data/16k/training\Actor_21\21_01_01_02_dogs-sitting_angry.wav,angry
160,data/16k/training\Actor_21\21_01_01_02_kids-talking_angry.wav,angry
161,data/16k/training\Actor_21\21_01_02_01_dogs-sitting_angry.wav,angry
162,data/16k/training\Actor_21\21_01_02_01_kids-talking_angry.wav,angry
163,data/16k/training\Actor_21\21_01_02_02_dogs-sitting_angry.wav,angry
164,data/16k/training\Actor_21\21_01_02_02_kids-talking_angry.wav,angry
165,data/16k/training\Actor_22\22_01_01_01_dogs-sitting_angry.wav,angry
166,data/16k/training\Actor_22\22_01_01_01_kids-talking_angry.wav,angry
167,data/16k/training\Actor_22\22_01_01_02_dogs-sitting_angry.wav,angry
168,data/16k/training\Actor_22\22_01_01_02_kids-talking_angry.wav,angry
169,data/16k/training\Actor_22\22_01_02_01_dogs-sitting_angry.wav,angry
170,data/16k/training\Actor_22\22_01_02_01_kids-talking_angry.wav,angry
171,data/16k/training\Actor_22\22_01_02_02_dogs-sitting_angry.wav,angry
172,data/16k/training\Actor_22\22_01_02_02_kids-talking_angry.wav,angry
173,data/16k/training\Actor_23\23_01_01_01_dogs-sitting_angry.wav,angry
174,data/16k/training\Actor_23\23_01_01_01_kids-talking_angry.wav,angry
175,data/16k/training\Actor_23\23_01_01_02_dogs-sitting_angry.wav,angry
176,data/16k/training\Actor_23\23_01_01_02_kids-talking_angry.wav,angry
177,data/16k/training\Actor_23\23_01_02_01_dogs-sitting_angry.wav,angry
178,data/16k/training\Actor_23\23_01_02_01_kids-talking_angry.wav,angry
179,data/16k/training\Actor_23\23_01_02_02_dogs-sitting_angry.wav,angry
180,data/16k/training\Actor_23\23_01_02_02_kids-talking_angry.wav,angry
181,data/16k/training\Actor_24\03-02-05-01-01-01-24_angry.wav,angry
182,data/16k/training\Actor_24\03-02-05-01-01-02-24_angry.wav,angry
183,data/16k/training\Actor_24\03-02-05-01-02-01-24_angry.wav,angry
184,data/16k/training\Actor_24\03-02-05-01-02-02-24_angry.wav,angry
185,data/16k/training\Actor_24\03-02-05-02-01-01-24_angry.wav,angry
186,data/16k/training\Actor_24\03-02-05-02-01-02-24_angry.wav,angry
187,data/16k/training\Actor_24\03-02-05-02-02-01-24_angry.wav,angry
188,data/16k/training\Actor_24\03-02-05-02-02-02-24_angry.wav,angry
189,data/16k/training\Actor_24\24_01_01_01_dogs-sitting_angry.wav,angry
190,data/16k/training\Actor_24\24_01_01_01_kids-talking_angry.wav,angry
191,data/16k/training\Actor_24\24_01_01_02_dogs-sitting_angry.wav,angry
192,data/16k/training\Actor_24\24_01_01_02_kids-talking_angry.wav,angry
193,data/16k/training\Actor_24\24_01_02_01_dogs-sitting_angry.wav,angry
194,data/16k/training\Actor_24\24_01_02_01_kids-talking_angry.wav,angry
195,data/16k/training\Actor_24\24_01_02_02_dogs-sitting_angry.wav,angry
196,data/16k/training\Actor_24\24_01_02_02_kids-talking_angry.wav,angry
197,data/16k/training\Actor_25\25_01_01_01_back_angry.wav,angry
198,data/16k/training\Actor_25\25_01_01_01_bar_angry.wav,angry
199,data/16k/training\Actor_25\25_01_01_01_base_angry.wav,angry
200,data/16k/training\Actor_25\25_01_01_01_bath_angry.wav,angry
201,data/16k/training\Actor_25\25_01_01_01_bean_angry.wav,angry
202,data/16k/training\Actor_25\25_01_01_01_beg_angry.wav,angry
203,data/16k/training\Actor_25\25_01_01_01_bite_angry.wav,angry
204,data/16k/training\Actor_25\25_01_01_01_boat_angry.wav,angry
205,data/16k/training\Actor_25\25_01_01_01_bone_angry.wav,angry
206,data/16k/training\Actor_25\25_01_01_01_book_angry.wav,angry
207,data/16k/training\Actor_25\25_01_01_01_bought_angry.wav,angry
208,data/16k/training\Actor_25\25_01_01_01_burn_angry.wav,angry
209,data/16k/training\Actor_25\25_01_01_01_cab_angry.wav,angry
210,data/16k/training\Actor_25\25_01_01_01_calm_angry.wav,angry
211,data/16k/training\Actor_25\25_01_01_01_came_angry.wav,angry
212,data/16k/training\Actor_25\25_01_01_01_cause_angry.wav,angry
213,data/16k/training\Actor_25\25_01_01_01_chain_angry.wav,angry
214,data/16k/training\Actor_25\25_01_01_01_chair_angry.wav,angry
215,data/16k/training\Actor_25\25_01_01_01_chalk_angry.wav,angry
216,data/16k/training\Actor_25\25_01_01_01_chat_angry.wav,angry
217,data/16k/training\Actor_25\25_01_01_01_check_angry.wav,angry
218,data/16k/training\Actor_25\25_01_01_01_cheek_angry.wav,angry
219,data/16k/training\Actor_25\25_01_01_01_chief_angry.wav,angry
220,data/16k/training\Actor_25\25_01_01_01_choice_angry.wav,angry
221,data/16k/training\Actor_25\25_01_01_01_cool_angry.wav,angry
222,data/16k/training\Actor_25\25_01_01_01_dab_angry.wav,angry
223,data/16k/training\Actor_25\25_01_01_01_date_angry.wav,angry
224,data/16k/training\Actor_25\25_01_01_01_dead_angry.wav,angry
225,data/16k/training\Actor_25\25_01_01_01_death_angry.wav,angry
226,data/16k/training\Actor_25\25_01_01_01_deep_angry.wav,angry
227,data/16k/training\Actor_25\25_01_01_01_dime_angry.wav,angry
228,data/16k/training\Actor_25\25_01_01_01_dip_angry.wav,angry
229,data/16k/training\Actor_25\25_01_01_01_ditch_angry.wav,angry
230,data/16k/training\Actor_25\25_01_01_01_dodge_angry.wav,angry
231,data/16k/training\Actor_25\25_01_01_01_dog_angry.wav,angry
232,data/16k/training\Actor_25\25_01_01_01_doll_angry.wav,angry
233,data/16k/training\Actor_25\25_01_01_01_door_angry.wav,angry
234,data/16k/training\Actor_25\25_01_01_01_fail_angry.wav,angry
235,data/16k/training\Actor_25\25_01_01_01_fall_angry.wav,angry
236,data/16k/training\Actor_25\25_01_01_01_far_angry.wav,angry
237,data/16k/training\Actor_25\25_01_01_01_raid_angry.wav,angry
238,data/16k/training\Actor_25\25_01_01_01_rain_angry.wav,angry
239,data/16k/training\Actor_25\25_01_01_01_raise_angry.wav,angry
240,data/16k/training\Actor_25\25_01_01_01_rat_angry.wav,angry
241,data/16k/training\Actor_25\25_01_01_01_reach_angry.wav,angry
242,data/16k/training\Actor_25\25_01_01_01_read_angry.wav,angry
243,data/16k/training\Actor_26\26_01_01_01_cab_angry.wav,angry
244,data/16k/training\Actor_26\26_01_01_01_calm_angry.wav,angry
245,data/16k/training\Actor_26\26_01_01_01_came_angry.wav,angry
246,data/16k/training\Actor_26\26_01_01_01_cause_angry.wav,angry
247,data/16k/training\Actor_26\26_01_01_01_chain_angry.wav,angry
248,data/16k/training\Actor_26\26_01_01_01_chair_angry.wav,angry
249,data/16k/training\Actor_01\01_01_01_01_kids-talking_happy.wav,happy
250,data/16k/training\Actor_01\01_01_01_02_dogs-sitting_happy.wav,happy
251,data/16k/training\Actor_01\01_01_01_02_kids-talking_happy.wav,happy
252,data/16k/training\Actor_01\01_01_02_01_dogs-sitting_happy.wav,happy
253,data/16k/training\Actor_01\01_01_02_01_kids-talking_happy.wav,happy
254,data/16k/training\Actor_01\01_01_02_02_dogs-sitting_happy.wav,happy
255,data/16k/training\Actor_01\01_01_02_02_kids-talking_happy.wav,happy
256,data/16k/training\Actor_02\02_01_01_01_dogs-sitting_happy.wav,happy
257,data/16k/training\Actor_02\02_01_01_01_kids-talking_happy.wav,happy
258,data/16k/training\Actor_02\02_01_01_02_dogs-sitting_happy.wav,happy
259,data/16k/training\Actor_02\02_01_01_02_kids-talking_happy.wav,happy
260,data/16k/training\Actor_02\02_01_02_01_dogs-sitting_happy.wav,happy
261,data/16k/training\Actor_02\02_01_02_01_kids-talking_happy.wav,happy
262,data/16k/training\Actor_02\02_01_02_02_dogs-sitting_happy.wav,happy
263,data/16k/training\Actor_02\02_01_02_02_kids-talking_happy.wav,happy
264,data/16k/training\Actor_03\03_01_01_01_dogs-sitting_happy.wav,happy
265,data/16k/training\Actor_03\03_01_01_01_kids-talking_happy.wav,happy
266,data/16k/training\Actor_03\03_01_01_02_dogs-sitting_happy.wav,happy
267,data/16k/training\Actor_03\03_01_01_02_kids-talking_happy.wav,happy
268,data/16k/training\Actor_03\03_01_02_01_dogs-sitting_happy.wav,happy
269,data/16k/training\Actor_03\03_01_02_01_kids-talking_happy.wav,happy
270,data/16k/training\Actor_03\03_01_02_02_dogs-sitting_happy.wav,happy
271,data/16k/training\Actor_03\03_01_02_02_kids-talking_happy.wav,happy
272,data/16k/training\Actor_04\04_01_01_01_dogs-sitting_happy.wav,happy
273,data/16k/training\Actor_04\04_01_01_01_kids-talking_happy.wav,happy
274,data/16k/training\Actor_04\04_01_01_02_dogs-sitting_happy.wav,happy
275,data/16k/training\Actor_04\04_01_01_02_kids-talking_happy.wav,happy
276,data/16k/training\Actor_04\04_01_02_01_dogs-sitting_happy.wav,happy
277,data/16k/training\Actor_04\04_01_02_01_kids-talking_happy.wav,happy
278,data/16k/training\Actor_04\04_01_02_02_dogs-sitting_happy.wav,happy
279,data/16k/training\Actor_04\04_01_02_02_kids-talking_happy.wav,happy
280,data/16k/training\Actor_05\05_01_02_01_dogs-sitting_happy.wav,happy
281,data/16k/training\Actor_05\05_01_02_01_kids-talking_happy.wav,happy
282,data/16k/training\Actor_05\05_01_02_02_dogs-sitting_happy.wav,happy
283,data/16k/training\Actor_05\05_01_02_02_kids-talking_happy.wav,happy
284,data/16k/training\Actor_06\06_01_01_01_dogs-sitting_happy.wav,happy
285,data/16k/training\Actor_06\06_01_01_01_kids-talking_happy.wav,happy
286,data/16k/training\Actor_06\06_01_01_02_kids-talking_happy.wav,happy
287,data/16k/training\Actor_06\06_01_02_01_dogs-sitting_happy.wav,happy
288,data/16k/training\Actor_06\06_01_02_01_kids-talking_happy.wav,happy
289,data/16k/training\Actor_06\06_01_02_02_dogs-sitting_happy.wav,happy
290,data/16k/training\Actor_06\06_01_02_02_kids-talking_happy.wav,happy
291,data/16k/training\Actor_07\07_01_01_01_dogs-sitting_happy.wav,happy
292,data/16k/training\Actor_07\07_01_01_01_kids-talking_happy.wav,happy
293,data/16k/training\Actor_07\07_01_01_02_dogs-sitting_happy.wav,happy
294,data/16k/training\Actor_07\07_01_01_02_kids-talking_happy.wav,happy
295,data/16k/training\Actor_07\07_01_02_01_dogs-sitting_happy.wav,happy
296,data/16k/training\Actor_07\07_01_02_01_kids-talking_happy.wav,happy
297,data/16k/training\Actor_07\07_01_02_02_dogs-sitting_happy.wav,happy
298,data/16k/training\Actor_07\07_01_02_02_kids-talking_happy.wav,happy
299,data/16k/training\Actor_08\08_01_01_01_dogs-sitting_happy.wav,happy
300,data/16k/training\Actor_08\08_01_01_01_kids-talking_happy.wav,happy
301,data/16k/training\Actor_08\08_01_01_02_dogs-sitting_happy.wav,happy
302,data/16k/training\Actor_08\08_01_01_02_kids-talking_happy.wav,happy
303,data/16k/training\Actor_08\08_01_02_01_dogs-sitting_happy.wav,happy
304,data/16k/training\Actor_08\08_01_02_01_kids-talking_happy.wav,happy
305,data/16k/training\Actor_08\08_01_02_02_dogs-sitting_happy.wav,happy
306,data/16k/training\Actor_08\08_01_02_02_kids-talking_happy.wav,happy
307,data/16k/training\Actor_09\09_01_01_01_dogs-sitting_happy.wav,happy
308,data/16k/training\Actor_09\09_01_01_01_kids-talking_happy.wav,happy
309,data/16k/training\Actor_09\09_01_01_02_dogs-sitting_happy.wav,happy
310,data/16k/training\Actor_09\09_01_01_02_kids-talking_happy.wav,happy
311,data/16k/training\Actor_09\09_01_02_01_dogs-sitting_happy.wav,happy
312,data/16k/training\Actor_09\09_01_02_01_kids-talking_happy.wav,happy
313,data/16k/training\Actor_09\09_01_02_02_dogs-sitting_happy.wav,happy
314,data/16k/training\Actor_09\09_01_02_02_kids-talking_happy.wav,happy
315,data/16k/training\Actor_10\10_01_01_01_dogs-sitting_happy.wav,happy
316,data/16k/training\Actor_10\10_01_01_01_kids-talking_happy.wav,happy
317,data/16k/training\Actor_10\10_01_01_02_dogs-sitting_happy.wav,happy
318,data/16k/training\Actor_10\10_01_01_02_kids-talking_happy.wav,happy
319,data/16k/training\Actor_10\10_01_02_01_dogs-sitting_happy.wav,happy
320,data/16k/training\Actor_10\10_01_02_01_kids-talking_happy.wav,happy
321,data/16k/training\Actor_10\10_01_02_02_dogs-sitting_happy.wav,happy
322,data/16k/training\Actor_10\10_01_02_02_kids-talking_happy.wav,happy
323,data/16k/training\Actor_11\11_01_01_01_dogs-sitting_happy.wav,happy
324,data/16k/training\Actor_11\11_01_01_01_kids-talking_happy.wav,happy
325,data/16k/training\Actor_11\11_01_01_02_dogs-sitting_happy.wav,happy
326,data/16k/training\Actor_11\11_01_01_02_kids-talking_happy.wav,happy
327,data/16k/training\Actor_11\11_01_02_01_dogs-sitting_happy.wav,happy
328,data/16k/training\Actor_11\11_01_02_01_kids-talking_happy.wav,happy
329,data/16k/training\Actor_11\11_01_02_02_dogs-sitting_happy.wav,happy
330,data/16k/training\Actor_11\11_01_02_02_kids-talking_happy.wav,happy
331,data/16k/training\Actor_12\12_01_01_01_dogs-sitting_happy.wav,happy
332,data/16k/training\Actor_12\12_01_01_01_kids-talking_happy.wav,happy
333,data/16k/training\Actor_12\12_01_01_02_dogs-sitting_happy.wav,happy
334,data/16k/training\Actor_12\12_01_01_02_kids-talking_happy.wav,happy
335,data/16k/training\Actor_12\12_01_02_01_dogs-sitting_happy.wav,happy
336,data/16k/training\Actor_12\12_01_02_01_kids-talking_happy.wav,happy
337,data/16k/training\Actor_12\12_01_02_02_dogs-sitting_happy.wav,happy
338,data/16k/training\Actor_12\12_01_02_02_kids-talking_happy.wav,happy
339,data/16k/training\Actor_13\13_01_01_01_dogs-sitting_happy.wav,happy
340,data/16k/training\Actor_13\13_01_01_01_kids-talking_happy.wav,happy
341,data/16k/training\Actor_13\13_01_01_02_dogs-sitting_happy.wav,happy
342,data/16k/training\Actor_13\13_01_01_02_kids-talking_happy.wav,happy
343,data/16k/training\Actor_13\13_01_02_01_dogs-sitting_happy.wav,happy
344,data/16k/training\Actor_13\13_01_02_01_kids-talking_happy.wav,happy
345,data/16k/training\Actor_13\13_01_02_02_dogs-sitting_happy.wav,happy
346,data/16k/training\Actor_13\13_01_02_02_kids-talking_happy.wav,happy
347,data/16k/training\Actor_14\14_01_01_01_dogs-sitting_happy.wav,happy
348,data/16k/training\Actor_14\14_01_01_01_kids-talking_happy.wav,happy
349,data/16k/training\Actor_14\14_01_01_02_dogs-sitting_happy.wav,happy
350,data/16k/training\Actor_14\14_01_01_02_kids-talking_happy.wav,happy
351,data/16k/training\Actor_14\14_01_02_01_dogs-sitting_happy.wav,happy
352,data/16k/training\Actor_14\14_01_02_01_kids-talking_happy.wav,happy
353,data/16k/training\Actor_14\14_01_02_02_dogs-sitting_happy.wav,happy
354,data/16k/training\Actor_14\14_01_02_02_kids-talking_happy.wav,happy
355,data/16k/training\Actor_15\15_01_01_01_dogs-sitting_happy.wav,happy
356,data/16k/training\Actor_15\15_01_01_01_kids-talking_happy.wav,happy
357,data/16k/training\Actor_15\15_01_01_02_dogs-sitting_happy.wav,happy
358,data/16k/training\Actor_15\15_01_01_02_kids-talking_happy.wav,happy
359,data/16k/training\Actor_15\15_01_02_01_dogs-sitting_happy.wav,happy
360,data/16k/training\Actor_15\15_01_02_01_kids-talking_happy.wav,happy
361,data/16k/training\Actor_15\15_01_02_02_dogs-sitting_happy.wav,happy
362,data/16k/training\Actor_15\15_01_02_02_kids-talking_happy.wav,happy
363,data/16k/training\Actor_16\16_01_01_01_dogs-sitting_happy.wav,happy
364,data/16k/training\Actor_16\16_01_01_01_kids-talking_happy.wav,happy
365,data/16k/training\Actor_16\16_01_01_02_dogs-sitting_happy.wav,happy
366,data/16k/training\Actor_16\16_01_01_02_kids-talking_happy.wav,happy
367,data/16k/training\Actor_16\16_01_02_01_dogs-sitting_happy.wav,happy
368,data/16k/training\Actor_16\16_01_02_01_kids-talking_happy.wav,happy
369,data/16k/training\Actor_16\16_01_02_02_dogs-sitting_happy.wav,happy
370,data/16k/training\Actor_16\16_01_02_02_kids-talking_happy.wav,happy
371,data/16k/training\Actor_17\17_01_01_01_dogs-sitting_happy.wav,happy
372,data/16k/training\Actor_17\17_01_01_01_kids-talking_happy.wav,happy
373,data/16k/training\Actor_17\17_01_01_02_dogs-sitting_happy.wav,happy
374,data/16k/training\Actor_17\17_01_01_02_kids-talking_happy.wav,happy
375,data/16k/training\Actor_17\17_01_02_01_dogs-sitting_happy.wav,happy
376,data/16k/training\Actor_17\17_01_02_01_kids-talking_happy.wav,happy
377,data/16k/training\Actor_17\17_01_02_02_dogs-sitting_happy.wav,happy
378,data/16k/training\Actor_17\17_01_02_02_kids-talking_happy.wav,happy
379,data/16k/training\Actor_18\18_01_01_01_dogs-sitting_happy.wav,happy
380,data/16k/training\Actor_18\18_01_01_01_kids-talking_happy.wav,happy
381,data/16k/training\Actor_18\18_01_01_02_dogs-sitting_happy.wav,happy
382,data/16k/training\Actor_18\18_01_01_02_kids-talking_happy.wav,happy
383,data/16k/training\Actor_18\18_01_02_01_dogs-sitting_happy.wav,happy
384,data/16k/training\Actor_18\18_01_02_01_kids-talking_happy.wav,happy
385,data/16k/training\Actor_18\18_01_02_02_dogs-sitting_happy.wav,happy
386,data/16k/training\Actor_18\18_01_02_02_kids-talking_happy.wav,happy
387,data/16k/training\Actor_19\19_01_01_01_dogs-sitting_happy.wav,happy
388,data/16k/training\Actor_19\19_01_01_01_kids-talking_happy.wav,happy
389,data/16k/training\Actor_19\19_01_01_02_dogs-sitting_happy.wav,happy
390,data/16k/training\Actor_19\19_01_01_02_kids-talking_happy.wav,happy
391,data/16k/training\Actor_19\19_01_02_01_dogs-sitting_happy.wav,happy
392,data/16k/training\Actor_19\19_01_02_01_kids-talking_happy.wav,happy
393,data/16k/training\Actor_19\19_01_02_02_dogs-sitting_happy.wav,happy
394,data/16k/training\Actor_19\19_01_02_02_kids-talking_happy.wav,happy
395,data/16k/training\Actor_20\20_01_01_01_dogs-sitting_happy.wav,happy
396,data/16k/training\Actor_20\20_01_01_01_kids-talking_happy.wav,happy
397,data/16k/training\Actor_20\20_01_01_02_dogs-sitting_happy.wav,happy
398,data/16k/training\Actor_20\20_01_01_02_kids-talking_happy.wav,happy
399,data/16k/training\Actor_20\20_01_02_01_dogs-sitting_happy.wav,happy
400,data/16k/training\Actor_20\20_01_02_01_kids-talking_happy.wav,happy
401,data/16k/training\Actor_20\20_01_02_02_dogs-sitting_happy.wav,happy
402,data/16k/training\Actor_20\20_01_02_02_kids-talking_happy.wav,happy
403,data/16k/training\Actor_21\21_01_01_01_dogs-sitting_happy.wav,happy
404,data/16k/training\Actor_21\21_01_01_01_kids-talking_happy.wav,happy
405,data/16k/training\Actor_21\21_01_01_02_dogs-sitting_happy.wav,happy
406,data/16k/training\Actor_21\21_01_01_02_kids-talking_happy.wav,happy
407,data/16k/training\Actor_21\21_01_02_01_dogs-sitting_happy.wav,happy
408,data/16k/training\Actor_21\21_01_02_01_kids-talking_happy.wav,happy
409,data/16k/training\Actor_21\21_01_02_02_dogs-sitting_happy.wav,happy
410,data/16k/training\Actor_21\21_01_02_02_kids-talking_happy.wav,happy
411,data/16k/training\Actor_22\22_01_01_01_dogs-sitting_happy.wav,happy
412,data/16k/training\Actor_22\22_01_01_01_kids-talking_happy.wav,happy
413,data/16k/training\Actor_22\22_01_01_02_dogs-sitting_happy.wav,happy
414,data/16k/training\Actor_22\22_01_01_02_kids-talking_happy.wav,happy
415,data/16k/training\Actor_22\22_01_02_01_dogs-sitting_happy.wav,happy
416,data/16k/training\Actor_22\22_01_02_01_kids-talking_happy.wav,happy
417,data/16k/training\Actor_22\22_01_02_02_dogs-sitting_happy.wav,happy
418,data/16k/training\Actor_22\22_01_02_02_kids-talking_happy.wav,happy
419,data/16k/training\Actor_23\23_01_01_01_dogs-sitting_happy.wav,happy
420,data/16k/training\Actor_23\23_01_01_01_kids-talking_happy.wav,happy
421,data/16k/training\Actor_23\23_01_01_02_dogs-sitting_happy.wav,happy
422,data/16k/training\Actor_23\23_01_01_02_kids-talking_happy.wav,happy
423,data/16k/training\Actor_23\23_01_02_01_dogs-sitting_happy.wav,happy
424,data/16k/training\Actor_23\23_01_02_01_kids-talking_happy.wav,happy
425,data/16k/training\Actor_23\23_01_02_02_dogs-sitting_happy.wav,happy
426,data/16k/training\Actor_23\23_01_02_02_kids-talking_happy.wav,happy
427,data/16k/training\Actor_24\03-02-03-01-01-01-24_happy.wav,happy
428,data/16k/training\Actor_24\03-02-03-01-01-02-24_happy.wav,happy
429,data/16k/training\Actor_24\03-02-03-01-02-01-24_happy.wav,happy
430,data/16k/training\Actor_24\03-02-03-01-02-02-24_happy.wav,happy
431,data/16k/training\Actor_24\03-02-03-02-01-01-24_happy.wav,happy
432,data/16k/training\Actor_24\03-02-03-02-01-02-24_happy.wav,happy
433,data/16k/training\Actor_24\03-02-03-02-02-01-24_happy.wav,happy
434,data/16k/training\Actor_24\03-02-03-02-02-02-24_happy.wav,happy
435,data/16k/training\Actor_24\24_01_01_01_dogs-sitting_happy.wav,happy
436,data/16k/training\Actor_24\24_01_01_01_kids-talking_happy.wav,happy
437,data/16k/training\Actor_24\24_01_01_02_dogs-sitting_happy.wav,happy
438,data/16k/training\Actor_24\24_01_01_02_kids-talking_happy.wav,happy
439,data/16k/training\Actor_24\24_01_02_01_dogs-sitting_happy.wav,happy
440,data/16k/training\Actor_24\24_01_02_01_kids-talking_happy.wav,happy
441,data/16k/training\Actor_24\24_01_02_02_dogs-sitting_happy.wav,happy
442,data/16k/training\Actor_24\24_01_02_02_kids-talking_happy.wav,happy
443,data/16k/training\Actor_25\25_01_01_01_back_happy.wav,happy
444,data/16k/training\Actor_25\25_01_01_01_bar_happy.wav,happy
445,data/16k/training\Actor_25\25_01_01_01_base_happy.wav,happy
446,data/16k/training\Actor_25\25_01_01_01_bath_happy.wav,happy
447,data/16k/training\Actor_25\25_01_01_01_bean_happy.wav,happy
448,data/16k/training\Actor_25\25_01_01_01_beg_happy.wav,happy
449,data/16k/training\Actor_25\25_01_01_01_bite_happy.wav,happy
450,data/16k/training\Actor_25\25_01_01_01_boat_happy.wav,happy
451,data/16k/training\Actor_25\25_01_01_01_bone_happy.wav,happy
452,data/16k/training\Actor_25\25_01_01_01_book_happy.wav,happy
453,data/16k/training\Actor_25\25_01_01_01_bought_happy.wav,happy
454,data/16k/training\Actor_25\25_01_01_01_burn_happy.wav,happy
455,data/16k/training\Actor_25\25_01_01_01_cab_happy.wav,happy
456,data/16k/training\Actor_25\25_01_01_01_calm_happy.wav,happy
457,data/16k/training\Actor_25\25_01_01_01_came_happy.wav,happy
458,data/16k/training\Actor_25\25_01_01_01_cause_happy.wav,happy
459,data/16k/training\Actor_25\25_01_01_01_chain_happy.wav,happy
460,data/16k/training\Actor_25\25_01_01_01_chair_happy.wav,happy
461,data/16k/training\Actor_25\25_01_01_01_chalk_happy.wav,happy
462,data/16k/training\Actor_25\25_01_01_01_chat_happy.wav,happy
463,data/16k/training\Actor_25\25_01_01_01_check_happy.wav,happy
464,data/16k/training\Actor_25\25_01_01_01_cheek_happy.wav,happy
465,data/16k/training\Actor_25\25_01_01_01_chief_happy.wav,happy
466,data/16k/training\Actor_25\25_01_01_01_choice_happy.wav,happy
467,data/16k/training\Actor_25\25_01_01_01_cool_happy.wav,happy
468,data/16k/training\Actor_25\25_01_01_01_dab_happy.wav,happy
469,data/16k/training\Actor_25\25_01_01_01_date_happy.wav,happy
470,data/16k/training\Actor_25\25_01_01_01_dead_happy.wav,happy
471,data/16k/training\Actor_25\25_01_01_01_death_happy.wav,happy
472,data/16k/training\Actor_25\25_01_01_01_deep_happy.wav,happy
473,data/16k/training\Actor_25\25_01_01_01_dime_happy.wav,happy
474,data/16k/training\Actor_25\25_01_01_01_dip_happy.wav,happy
475,data/16k/training\Actor_25\25_01_01_01_ditch_happy.wav,happy
476,data/16k/training\Actor_25\25_01_01_01_dodge_happy.wav,happy
477,data/16k/training\Actor_25\25_01_01_01_dog_happy.wav,happy
478,data/16k/training\Actor_25\25_01_01_01_doll_happy.wav,happy
479,data/16k/training\Actor_25\25_01_01_01_door_happy.wav,happy
480,data/16k/training\Actor_25\25_01_01_01_fail_happy.wav,happy
481,data/16k/training\Actor_25\25_01_01_01_fall_happy.wav,happy
482,data/16k/training\Actor_25\25_01_01_01_far_happy.wav,happy
483,data/16k/training\Actor_25\25_01_01_01_wire_happy.wav,happy
484,data/16k/training\Actor_25\25_01_01_01_witch_happy.wav,happy
485,data/16k/training\Actor_25\25_01_01_01_yearn_happy.wav,happy
486,data/16k/training\Actor_25\25_01_01_01_yes_happy.wav,happy
487,data/16k/training\Actor_25\25_01_01_01_young_happy.wav,happy
488,data/16k/training\Actor_25\25_01_01_01_youth_happy.wav,happy
489,data/16k/training\Actor_26\26_01_01_01_dime_happy.wav,happy
490,data/16k/training\Actor_26\26_01_01_01_dip_happy.wav,happy
491,data/16k/training\Actor_26\26_01_01_01_ditch_happy.wav,happy
492,data/16k/training\Actor_26\26_01_01_01_dodge_happy.wav,happy
493,data/16k/training\Actor_26\26_01_01_01_dog_happy.wav,happy
494,data/16k/training\Actor_26\26_01_01_01_doll_happy.wav,happy
495,data/16k/training\Actor_01\01_01_01_01_dogs-sitting_neutral.wav,neutral
496,data/16k/training\Actor_01\01_01_01_01_kids-talking_neutral.wav,neutral
497,data/16k/training\Actor_01\01_01_01_02_dogs-sitting_neutral.wav,neutral
498,data/16k/training\Actor_01\01_01_01_02_kids-talking_neutral.wav,neutral
499,data/16k/training\Actor_02\02_01_01_01_dogs-sitting_neutral.wav,neutral
500,data/16k/training\Actor_02\02_01_01_01_kids-talking_neutral.wav,neutral
501,data/16k/training\Actor_02\02_01_01_02_dogs-sitting_neutral.wav,neutral
502,data/16k/training\Actor_02\02_01_01_02_kids-talking_neutral.wav,neutral
503,data/16k/training\Actor_03\03_01_01_01_dogs-sitting_neutral.wav,neutral
504,data/16k/training\Actor_03\03_01_01_01_kids-talking_neutral.wav,neutral
505,data/16k/training\Actor_03\03_01_01_02_dogs-sitting_neutral.wav,neutral
506,data/16k/training\Actor_03\03_01_01_02_kids-talking_neutral.wav,neutral
507,data/16k/training\Actor_04\04_01_01_01_dogs-sitting_neutral.wav,neutral
508,data/16k/training\Actor_04\04_01_01_01_kids-talking_neutral.wav,neutral
509,data/16k/training\Actor_04\04_01_01_02_dogs-sitting_neutral.wav,neutral
510,data/16k/training\Actor_04\04_01_01_02_kids-talking_neutral.wav,neutral
511,data/16k/training\Actor_05\05_01_01_01_dogs-sitting_neutral.wav,neutral
512,data/16k/training\Actor_05\05_01_01_01_kids-talking_neutral.wav,neutral
513,data/16k/training\Actor_05\05_01_01_02_dogs-sitting_neutral.wav,neutral
514,data/16k/training\Actor_05\05_01_01_02_kids-talking_neutral.wav,neutral
515,data/16k/training\Actor_06\06_01_01_01_dogs-sitting_neutral.wav,neutral
516,data/16k/training\Actor_06\06_01_01_01_kids-talking_neutral.wav,neutral
517,data/16k/training\Actor_06\06_01_01_02_dogs-sitting_neutral.wav,neutral
518,data/16k/training\Actor_06\06_01_01_02_kids-talking_neutral.wav,neutral
519,data/16k/training\Actor_07\07_01_01_01_dogs-sitting_neutral.wav,neutral
520,data/16k/training\Actor_07\07_01_01_01_kids-talking_neutral.wav,neutral
521,data/16k/training\Actor_07\07_01_01_02_dogs-sitting_neutral.wav,neutral
522,data/16k/training\Actor_07\07_01_01_02_kids-talking_neutral.wav,neutral
523,data/16k/training\Actor_08\08_01_01_01_dogs-sitting_neutral.wav,neutral
524,data/16k/training\Actor_08\08_01_01_01_kids-talking_neutral.wav,neutral
525,data/16k/training\Actor_08\08_01_01_02_dogs-sitting_neutral.wav,neutral
526,data/16k/training\Actor_08\08_01_01_02_kids-talking_neutral.wav,neutral
527,data/16k/training\Actor_09\09_01_01_01_dogs-sitting_neutral.wav,neutral
528,data/16k/training\Actor_09\09_01_01_01_kids-talking_neutral.wav,neutral
529,data/16k/training\Actor_09\09_01_01_02_dogs-sitting_neutral.wav,neutral
530,data/16k/training\Actor_09\09_01_01_02_kids-talking_neutral.wav,neutral
531,data/16k/training\Actor_10\10_01_01_01_dogs-sitting_neutral.wav,neutral
532,data/16k/training\Actor_10\10_01_01_01_kids-talking_neutral.wav,neutral
533,data/16k/training\Actor_10\10_01_01_02_dogs-sitting_neutral.wav,neutral
534,data/16k/training\Actor_10\10_01_01_02_kids-talking_neutral.wav,neutral
535,data/16k/training\Actor_11\11_01_01_01_dogs-sitting_neutral.wav,neutral
536,data/16k/training\Actor_11\11_01_01_01_kids-talking_neutral.wav,neutral
537,data/16k/training\Actor_11\11_01_01_02_dogs-sitting_neutral.wav,neutral
538,data/16k/training\Actor_11\11_01_01_02_kids-talking_neutral.wav,neutral
539,data/16k/training\Actor_12\12_01_01_01_dogs-sitting_neutral.wav,neutral
540,data/16k/training\Actor_12\12_01_01_01_kids-talking_neutral.wav,neutral
541,data/16k/training\Actor_12\12_01_01_02_dogs-sitting_neutral.wav,neutral
542,data/16k/training\Actor_12\12_01_01_02_kids-talking_neutral.wav,neutral
543,data/16k/training\Actor_13\13_01_01_01_dogs-sitting_neutral.wav,neutral
544,data/16k/training\Actor_13\13_01_01_01_kids-talking_neutral.wav,neutral
545,data/16k/training\Actor_13\13_01_01_02_dogs-sitting_neutral.wav,neutral
546,data/16k/training\Actor_13\13_01_01_02_kids-talking_neutral.wav,neutral
547,data/16k/training\Actor_14\14_01_01_01_dogs-sitting_neutral.wav,neutral
548,data/16k/training\Actor_14\14_01_01_01_kids-talking_neutral.wav,neutral
549,data/16k/training\Actor_14\14_01_01_02_dogs-sitting_neutral.wav,neutral
550,data/16k/training\Actor_14\14_01_01_02_kids-talking_neutral.wav,neutral
551,data/16k/training\Actor_15\15_01_01_01_dogs-sitting_neutral.wav,neutral
552,data/16k/training\Actor_15\15_01_01_01_kids-talking_neutral.wav,neutral
553,data/16k/training\Actor_15\15_01_01_02_dogs-sitting_neutral.wav,neutral
554,data/16k/training\Actor_15\15_01_01_02_kids-talking_neutral.wav,neutral
555,data/16k/training\Actor_16\16_01_01_01_dogs-sitting_neutral.wav,neutral
556,data/16k/training\Actor_16\16_01_01_01_kids-talking_neutral.wav,neutral
557,data/16k/training\Actor_16\16_01_01_02_dogs-sitting_neutral.wav,neutral
558,data/16k/training\Actor_16\16_01_01_02_kids-talking_neutral.wav,neutral
559,data/16k/training\Actor_17\17_01_01_01_dogs-sitting_neutral.wav,neutral
560,data/16k/training\Actor_17\17_01_01_01_kids-talking_neutral.wav,neutral
561,data/16k/training\Actor_17\17_01_01_02_dogs-sitting_neutral.wav,neutral
562,data/16k/training\Actor_17\17_01_01_02_kids-talking_neutral.wav,neutral
563,data/16k/training\Actor_18\18_01_01_01_dogs-sitting_neutral.wav,neutral
564,data/16k/training\Actor_18\18_01_01_01_kids-talking_neutral.wav,neutral
565,data/16k/training\Actor_18\18_01_01_02_dogs-sitting_neutral.wav,neutral
566,data/16k/training\Actor_18\18_01_01_02_kids-talking_neutral.wav,neutral
567,data/16k/training\Actor_19\19_01_01_01_dogs-sitting_neutral.wav,neutral
568,data/16k/training\Actor_19\19_01_01_01_kids-talking_neutral.wav,neutral
569,data/16k/training\Actor_19\19_01_01_02_dogs-sitting_neutral.wav,neutral
570,data/16k/training\Actor_19\19_01_01_02_kids-talking_neutral.wav,neutral
571,data/16k/training\Actor_20\20_01_01_01_dogs-sitting_neutral.wav,neutral
572,data/16k/training\Actor_20\20_01_01_01_kids-talking_neutral.wav,neutral
573,data/16k/training\Actor_20\20_01_01_02_dogs-sitting_neutral.wav,neutral
574,data/16k/training\Actor_20\20_01_01_02_kids-talking_neutral.wav,neutral
575,data/16k/training\Actor_21\21_01_01_01_dogs-sitting_neutral.wav,neutral
576,data/16k/training\Actor_21\21_01_01_01_kids-talking_neutral.wav,neutral
577,data/16k/training\Actor_21\21_01_01_02_dogs-sitting_neutral.wav,neutral
578,data/16k/training\Actor_21\21_01_01_02_kids-talking_neutral.wav,neutral
579,data/16k/training\Actor_22\22_01_01_01_dogs-sitting_neutral.wav,neutral
580,data/16k/training\Actor_22\22_01_01_01_kids-talking_neutral.wav,neutral
581,data/16k/training\Actor_22\22_01_01_02_dogs-sitting_neutral.wav,neutral
582,data/16k/training\Actor_22\22_01_01_02_kids-talking_neutral.wav,neutral
583,data/16k/training\Actor_23\23_01_01_01_dogs-sitting_neutral.wav,neutral
584,data/16k/training\Actor_23\23_01_01_01_kids-talking_neutral.wav,neutral
585,data/16k/training\Actor_23\23_01_01_02_dogs-sitting_neutral.wav,neutral
586,data/16k/training\Actor_23\23_01_01_02_kids-talking_neutral.wav,neutral
587,data/16k/training\Actor_24\03-02-01-01-01-01-24_neutral.wav,neutral
588,data/16k/training\Actor_24\03-02-01-01-01-02-24_neutral.wav,neutral
589,data/16k/training\Actor_24\03-02-01-01-02-01-24_neutral.wav,neutral
590,data/16k/training\Actor_24\03-02-01-01-02-02-24_neutral.wav,neutral
591,data/16k/training\Actor_24\24_01_01_01_dogs-sitting_neutral.wav,neutral
592,data/16k/training\Actor_24\24_01_01_01_kids-talking_neutral.wav,neutral
593,data/16k/training\Actor_24\24_01_01_02_dogs-sitting_neutral.wav,neutral
594,data/16k/training\Actor_24\24_01_01_02_kids-talking_neutral.wav,neutral
595,data/16k/training\Actor_25\25_01_01_01_back_neutral.wav,neutral
596,data/16k/training\Actor_25\25_01_01_01_bar_neutral.wav,neutral
597,data/16k/training\Actor_25\25_01_01_01_base_neutral.wav,neutral
598,data/16k/training\Actor_25\25_01_01_01_bath_neutral.wav,neutral
599,data/16k/training\Actor_25\25_01_01_01_bean_neutral.wav,neutral
600,data/16k/training\Actor_25\25_01_01_01_beg_neutral.wav,neutral
601,data/16k/training\Actor_25\25_01_01_01_bite_neutral.wav,neutral
602,data/16k/training\Actor_25\25_01_01_01_boat_neutral.wav,neutral
603,data/16k/training\Actor_25\25_01_01_01_bone_neutral.wav,neutral
604,data/16k/training\Actor_25\25_01_01_01_book_neutral.wav,neutral
605,data/16k/training\Actor_25\25_01_01_01_bought_neutral.wav,neutral
606,data/16k/training\Actor_25\25_01_01_01_burn_neutral.wav,neutral
607,data/16k/training\Actor_25\25_01_01_01_cab_neutral.wav,neutral
608,data/16k/training\Actor_25\25_01_01_01_calm_neutral.wav,neutral
609,data/16k/training\Actor_25\25_01_01_01_came_neutral.wav,neutral
610,data/16k/training\Actor_25\25_01_01_01_cause_neutral.wav,neutral
611,data/16k/training\Actor_25\25_01_01_01_chain_neutral.wav,neutral
612,data/16k/training\Actor_25\25_01_01_01_chair_neutral.wav,neutral
613,data/16k/training\Actor_25\25_01_01_01_chalk_neutral.wav,neutral
614,data/16k/training\Actor_25\25_01_01_01_chat_neutral.wav,neutral
615,data/16k/training\Actor_25\25_01_01_01_check_neutral.wav,neutral
616,data/16k/training\Actor_25\25_01_01_01_cheek_neutral.wav,neutral
617,data/16k/training\Actor_25\25_01_01_01_chief_neutral.wav,neutral
618,data/16k/training\Actor_25\25_01_01_01_choice_neutral.wav,neutral
619,data/16k/training\Actor_25\25_01_01_01_cool_neutral.wav,neutral
620,data/16k/training\Actor_25\25_01_01_01_dab_neutral.wav,neutral
621,data/16k/training\Actor_25\25_01_01_01_date_neutral.wav,neutral
622,data/16k/training\Actor_25\25_01_01_01_dead_neutral.wav,neutral
623,data/16k/training\Actor_25\25_01_01_01_death_neutral.wav,neutral
624,data/16k/training\Actor_25\25_01_01_01_deep_neutral.wav,neutral
625,data/16k/training\Actor_25\25_01_01_01_dime_neutral.wav,neutral
626,data/16k/training\Actor_25\25_01_01_01_dip_neutral.wav,neutral
627,data/16k/training\Actor_25\25_01_01_01_ditch_neutral.wav,neutral
628,data/16k/training\Actor_25\25_01_01_01_dodge_neutral.wav,neutral
629,data/16k/training\Actor_25\25_01_01_01_dog_neutral.wav,neutral
630,data/16k/training\Actor_25\25_01_01_01_doll_neutral.wav,neutral
631,data/16k/training\Actor_25\25_01_01_01_door_neutral.wav,neutral
632,data/16k/training\Actor_25\25_01_01_01_fail_neutral.wav,neutral
633,data/16k/training\Actor_25\25_01_01_01_fall_neutral.wav,neutral
634,data/16k/training\Actor_25\25_01_01_01_far_neutral.wav,neutral
635,data/16k/training\Actor_26\26_01_01_01_jar_neutral.wav,neutral
636,data/16k/training\Actor_26\26_01_01_01_join_neutral.wav,neutral
637,data/16k/training\Actor_26\26_01_01_01_judge_neutral.wav,neutral
638,data/16k/training\Actor_26\26_01_01_01_jug_neutral.wav,neutral
639,data/16k/training\Actor_26\26_01_01_01_juice_neutral.wav,neutral
640,data/16k/training\Actor_26\26_01_01_01_keen_neutral.wav,neutral
641,data/16k/training\Actor_01\01_01_01_01_dogs-sitting_sad.wav,sad
642,data/16k/training\Actor_01\01_01_01_01_kids-talking_sad.wav,sad
643,data/16k/training\Actor_01\01_01_01_02_dogs-sitting_sad.wav,sad
644,data/16k/training\Actor_01\01_01_01_02_kids-talking_sad.wav,sad
645,data/16k/training\Actor_01\01_01_02_01_dogs-sitting_sad.wav,sad
646,data/16k/training\Actor_01\01_01_02_01_kids-talking_sad.wav,sad
647,data/16k/training\Actor_01\01_01_02_02_dogs-sitting_sad.wav,sad
648,data/16k/training\Actor_01\01_01_02_02_kids-talking_sad.wav,sad
649,data/16k/training\Actor_02\02_01_01_01_dogs-sitting_sad.wav,sad
650,data/16k/training\Actor_02\02_01_01_01_kids-talking_sad.wav,sad
651,data/16k/training\Actor_02\02_01_01_02_dogs-sitting_sad.wav,sad
652,data/16k/training\Actor_02\02_01_01_02_kids-talking_sad.wav,sad
653,data/16k/training\Actor_02\02_01_02_01_dogs-sitting_sad.wav,sad
654,data/16k/training\Actor_02\02_01_02_01_kids-talking_sad.wav,sad
655,data/16k/training\Actor_02\02_01_02_02_dogs-sitting_sad.wav,sad
656,data/16k/training\Actor_02\02_01_02_02_kids-talking_sad.wav,sad
657,data/16k/training\Actor_03\03_01_01_01_dogs-sitting_sad.wav,sad
658,data/16k/training\Actor_03\03_01_01_01_kids-talking_sad.wav,sad
659,data/16k/training\Actor_03\03_01_01_02_dogs-sitting_sad.wav,sad
660,data/16k/training\Actor_03\03_01_01_02_kids-talking_sad.wav,sad
661,data/16k/training\Actor_03\03_01_02_01_dogs-sitting_sad.wav,sad
662,data/16k/training\Actor_03\03_01_02_01_kids-talking_sad.wav,sad
663,data/16k/training\Actor_03\03_01_02_02_dogs-sitting_sad.wav,sad
664,data/16k/training\Actor_03\03_01_02_02_kids-talking_sad.wav,sad
665,data/16k/training\Actor_04\04_01_01_01_dogs-sitting_sad.wav,sad
666,data/16k/training\Actor_04\04_01_01_01_kids-talking_sad.wav,sad
667,data/16k/training\Actor_04\04_01_01_02_dogs-sitting_sad.wav,sad
668,data/16k/training\Actor_04\04_01_01_02_kids-talking_sad.wav,sad
669,data/16k/training\Actor_04\04_01_02_01_dogs-sitting_sad.wav,sad
670,data/16k/training\Actor_04\04_01_02_01_kids-talking_sad.wav,sad
671,data/16k/training\Actor_04\04_01_02_02_dogs-sitting_sad.wav,sad
672,data/16k/training\Actor_04\04_01_02_02_kids-talking_sad.wav,sad
673,data/16k/training\Actor_05\05_01_01_01_dogs-sitting_sad.wav,sad
674,data/16k/training\Actor_05\05_01_01_01_kids-talking_sad.wav,sad
675,data/16k/training\Actor_05\05_01_01_02_dogs-sitting_sad.wav,sad
676,data/16k/training\Actor_05\05_01_01_02_kids-talking_sad.wav,sad
677,data/16k/training\Actor_05\05_01_02_01_dogs-sitting_sad.wav,sad
678,data/16k/training\Actor_05\05_01_02_01_kids-talking_sad.wav,sad
679,data/16k/training\Actor_05\05_01_02_02_dogs-sitting_sad.wav,sad
680,data/16k/training\Actor_05\05_01_02_02_kids-talking_sad.wav,sad
681,data/16k/training\Actor_06\06_01_01_01_dogs-sitting_sad.wav,sad
682,data/16k/training\Actor_06\06_01_01_01_kids-talking_sad.wav,sad
683,data/16k/training\Actor_06\06_01_01_02_dogs-sitting_sad.wav,sad
684,data/16k/training\Actor_06\06_01_01_02_kids-talking_sad.wav,sad
685,data/16k/training\Actor_06\06_01_02_01_dogs-sitting_sad.wav,sad
686,data/16k/training\Actor_06\06_01_02_01_kids-talking_sad.wav,sad
687,data/16k/training\Actor_06\06_01_02_02_dogs-sitting_sad.wav,sad
688,data/16k/training\Actor_06\06_01_02_02_kids-talking_sad.wav,sad
689,data/16k/training\Actor_07\07_01_01_01_dogs-sitting_sad.wav,sad
690,data/16k/training\Actor_07\07_01_01_01_kids-talking_sad.wav,sad
691,data/16k/training\Actor_07\07_01_01_02_dogs-sitting_sad.wav,sad
692,data/16k/training\Actor_07\07_01_01_02_kids-talking_sad.wav,sad
693,data/16k/training\Actor_07\07_01_02_01_dogs-sitting_sad.wav,sad
694,data/16k/training\Actor_07\07_01_02_01_kids-talking_sad.wav,sad
695,data/16k/training\Actor_07\07_01_02_02_dogs-sitting_sad.wav,sad
696,data/16k/training\Actor_07\07_01_02_02_kids-talking_sad.wav,sad
697,data/16k/training\Actor_08\08_01_01_01_dogs-sitting_sad.wav,sad
698,data/16k/training\Actor_08\08_01_01_01_kids-talking_sad.wav,sad
699,data/16k/training\Actor_08\08_01_01_02_dogs-sitting_sad.wav,sad
700,data/16k/training\Actor_08\08_01_01_02_kids-talking_sad.wav,sad
701,data/16k/training\Actor_08\08_01_02_01_dogs-sitting_sad.wav,sad
702,data/16k/training\Actor_08\08_01_02_01_kids-talking_sad.wav,sad
703,data/16k/training\Actor_08\08_01_02_02_dogs-sitting_sad.wav,sad
704,data/16k/training\Actor_08\08_01_02_02_kids-talking_sad.wav,sad
705,data/16k/training\Actor_09\09_01_01_01_dogs-sitting_sad.wav,sad
706,data/16k/training\Actor_09\09_01_01_01_kids-talking_sad.wav,sad
707,data/16k/training\Actor_09\09_01_01_02_dogs-sitting_sad.wav,sad
708,data/16k/training\Actor_09\09_01_01_02_kids-talking_sad.wav,sad
709,data/16k/training\Actor_09\09_01_02_01_dogs-sitting_sad.wav,sad
710,data/16k/training\Actor_09\09_01_02_01_kids-talking_sad.wav,sad
711,data/16k/training\Actor_09\09_01_02_02_dogs-sitting_sad.wav,sad
712,data/16k/training\Actor_09\09_01_02_02_kids-talking_sad.wav,sad
713,data/16k/training\Actor_10\10_01_01_01_dogs-sitting_sad.wav,sad
714,data/16k/training\Actor_10\10_01_01_01_kids-talking_sad.wav,sad
715,data/16k/training\Actor_10\10_01_01_02_dogs-sitting_sad.wav,sad
716,data/16k/training\Actor_10\10_01_01_02_kids-talking_sad.wav,sad
717,data/16k/training\Actor_10\10_01_02_01_dogs-sitting_sad.wav,sad
718,data/16k/training\Actor_10\10_01_02_01_kids-talking_sad.wav,sad
719,data/16k/training\Actor_10\10_01_02_02_dogs-sitting_sad.wav,sad
720,data/16k/training\Actor_10\10_01_02_02_kids-talking_sad.wav,sad
721,data/16k/training\Actor_11\11_01_01_01_dogs-sitting_sad.wav,sad
722,data/16k/training\Actor_11\11_01_01_01_kids-talking_sad.wav,sad
723,data/16k/training\Actor_11\11_01_01_02_dogs-sitting_sad.wav,sad
724,data/16k/training\Actor_11\11_01_01_02_kids-talking_sad.wav,sad
725,data/16k/training\Actor_11\11_01_02_01_dogs-sitting_sad.wav,sad
726,data/16k/training\Actor_11\11_01_02_01_kids-talking_sad.wav,sad
727,data/16k/training\Actor_11\11_01_02_02_dogs-sitting_sad.wav,sad
728,data/16k/training\Actor_11\11_01_02_02_kids-talking_sad.wav,sad
729,data/16k/training\Actor_12\12_01_01_01_dogs-sitting_sad.wav,sad
730,data/16k/training\Actor_12\12_01_01_01_kids-talking_sad.wav,sad
731,data/16k/training\Actor_12\12_01_01_02_dogs-sitting_sad.wav,sad
732,data/16k/training\Actor_12\12_01_01_02_kids-talking_sad.wav,sad
733,data/16k/training\Actor_12\12_01_02_01_dogs-sitting_sad.wav,sad
734,data/16k/training\Actor_12\12_01_02_01_kids-talking_sad.wav,sad
735,data/16k/training\Actor_12\12_01_02_02_dogs-sitting_sad.wav,sad
736,data/16k/training\Actor_12\12_01_02_02_kids-talking_sad.wav,sad
737,data/16k/training\Actor_13\13_01_01_01_dogs-sitting_sad.wav,sad
738,data/16k/training\Actor_13\13_01_01_01_kids-talking_sad.wav,sad
739,data/16k/training\Actor_13\13_01_01_02_dogs-sitting_sad.wav,sad
740,data/16k/training\Actor_13\13_01_01_02_kids-talking_sad.wav,sad
741,data/16k/training\Actor_13\13_01_02_01_dogs-sitting_sad.wav,sad
742,data/16k/training\Actor_13\13_01_02_01_kids-talking_sad.wav,sad
743,data/16k/training\Actor_13\13_01_02_02_dogs-sitting_sad.wav,sad
744,data/16k/training\Actor_13\13_01_02_02_kids-talking_sad.wav,sad
745,data/16k/training\Actor_14\14_01_01_01_dogs-sitting_sad.wav,sad
746,data/16k/training\Actor_14\14_01_01_01_kids-talking_sad.wav,sad
747,data/16k/training\Actor_14\14_01_01_02_dogs-sitting_sad.wav,sad
748,data/16k/training\Actor_14\14_01_01_02_kids-talking_sad.wav,sad
749,data/16k/training\Actor_14\14_01_02_01_dogs-sitting_sad.wav,sad
750,data/16k/training\Actor_14\14_01_02_01_kids-talking_sad.wav,sad
751,data/16k/training\Actor_14\14_01_02_02_dogs-sitting_sad.wav,sad
752,data/16k/training\Actor_14\14_01_02_02_kids-talking_sad.wav,sad
753,data/16k/training\Actor_15\15_01_01_01_dogs-sitting_sad.wav,sad
754,data/16k/training\Actor_15\15_01_01_01_kids-talking_sad.wav,sad
755,data/16k/training\Actor_15\15_01_01_02_dogs-sitting_sad.wav,sad
756,data/16k/training\Actor_15\15_01_01_02_kids-talking_sad.wav,sad
757,data/16k/training\Actor_15\15_01_02_01_dogs-sitting_sad.wav,sad
758,data/16k/training\Actor_15\15_01_02_01_kids-talking_sad.wav,sad
759,data/16k/training\Actor_15\15_01_02_02_dogs-sitting_sad.wav,sad
760,data/16k/training\Actor_15\15_01_02_02_kids-talking_sad.wav,sad
761,data/16k/training\Actor_16\16_01_01_01_dogs-sitting_sad.wav,sad
762,data/16k/training\Actor_16\16_01_01_01_kids-talking_sad.wav,sad
763,data/16k/training\Actor_16\16_01_01_02_dogs-sitting_sad.wav,sad
764,data/16k/training\Actor_16\16_01_01_02_kids-talking_sad.wav,sad
765,data/16k/training\Actor_16\16_01_02_01_dogs-sitting_sad.wav,sad
766,data/16k/training\Actor_16\16_01_02_01_kids-talking_sad.wav,sad
767,data/16k/training\Actor_16\16_01_02_02_dogs-sitting_sad.wav,sad
768,data/16k/training\Actor_16\16_01_02_02_kids-talking_sad.wav,sad
769,data/16k/training\Actor_17\17_01_01_01_dogs-sitting_sad.wav,sad
770,data/16k/training\Actor_17\17_01_01_01_kids-talking_sad.wav,sad
771,data/16k/training\Actor_17\17_01_01_02_dogs-sitting_sad.wav,sad
772,data/16k/training\Actor_17\17_01_01_02_kids-talking_sad.wav,sad
773,data/16k/training\Actor_17\17_01_02_01_dogs-sitting_sad.wav,sad
774,data/16k/training\Actor_17\17_01_02_01_kids-talking_sad.wav,sad
775,data/16k/training\Actor_17\17_01_02_02_dogs-sitting_sad.wav,sad
776,data/16k/training\Actor_17\17_01_02_02_kids-talking_sad.wav,sad
777,data/16k/training\Actor_18\18_01_01_01_dogs-sitting_sad.wav,sad
778,data/16k/training\Actor_18\18_01_01_01_kids-talking_sad.wav,sad
779,data/16k/training\Actor_18\18_01_01_02_dogs-sitting_sad.wav,sad
780,data/16k/training\Actor_18\18_01_01_02_kids-talking_sad.wav,sad
781,data/16k/training\Actor_18\18_01_02_01_dogs-sitting_sad.wav,sad
782,data/16k/training\Actor_18\18_01_02_01_kids-talking_sad.wav,sad
783,data/16k/training\Actor_18\18_01_02_02_dogs-sitting_sad.wav,sad
784,data/16k/training\Actor_18\18_01_02_02_kids-talking_sad.wav,sad
785,data/16k/training\Actor_19\19_01_01_01_dogs-sitting_sad.wav,sad
786,data/16k/training\Actor_19\19_01_01_01_kids-talking_sad.wav,sad
787,data/16k/training\Actor_19\19_01_01_02_dogs-sitting_sad.wav,sad
788,data/16k/training\Actor_19\19_01_01_02_kids-talking_sad.wav,sad
789,data/16k/training\Actor_19\19_01_02_01_dogs-sitting_sad.wav,sad
790,data/16k/training\Actor_19\19_01_02_01_kids-talking_sad.wav,sad
791,data/16k/training\Actor_19\19_01_02_02_dogs-sitting_sad.wav,sad
792,data/16k/training\Actor_19\19_01_02_02_kids-talking_sad.wav,sad
793,data/16k/training\Actor_20\20_01_01_01_dogs-sitting_sad.wav,sad
794,data/16k/training\Actor_20\20_01_01_01_kids-talking_sad.wav,sad
795,data/16k/training\Actor_20\20_01_01_02_dogs-sitting_sad.wav,sad
796,data/16k/training\Actor_20\20_01_01_02_kids-talking_sad.wav,sad
797,data/16k/training\Actor_20\20_01_02_01_dogs-sitting_sad.wav,sad
798,data/16k/training\Actor_20\20_01_02_01_kids-talking_sad.wav,sad
799,data/16k/training\Actor_20\20_01_02_02_dogs-sitting_sad.wav,sad
800,data/16k/training\Actor_20\20_01_02_02_kids-talking_sad.wav,sad
801,data/16k/training\Actor_21\21_01_01_01_dogs-sitting_sad.wav,sad
802,data/16k/training\Actor_21\21_01_01_01_kids-talking_sad.wav,sad
803,data/16k/training\Actor_21\21_01_01_02_dogs-sitting_sad.wav,sad
804,data/16k/training\Actor_21\21_01_01_02_kids-talking_sad.wav,sad
805,data/16k/training\Actor_21\21_01_02_01_dogs-sitting_sad.wav,sad
806,data/16k/training\Actor_21\21_01_02_01_kids-talking_sad.wav,sad
807,data/16k/training\Actor_21\21_01_02_02_dogs-sitting_sad.wav,sad
808,data/16k/training\Actor_21\21_01_02_02_kids-talking_sad.wav,sad
809,data/16k/training\Actor_22\22_01_01_01_dogs-sitting_sad.wav,sad
810,data/16k/training\Actor_22\22_01_01_01_kids-talking_sad.wav,sad
811,data/16k/training\Actor_22\22_01_01_02_dogs-sitting_sad.wav,sad
812,data/16k/training\Actor_22\22_01_01_02_kids-talking_sad.wav,sad
813,data/16k/training\Actor_22\22_01_02_01_dogs-sitting_sad.wav,sad
814,data/16k/training\Actor_22\22_01_02_01_kids-talking_sad.wav,sad
815,data/16k/training\Actor_22\22_01_02_02_dogs-sitting_sad.wav,sad
816,data/16k/training\Actor_22\22_01_02_02_kids-talking_sad.wav,sad
817,data/16k/training\Actor_23\23_01_01_01_dogs-sitting_sad.wav,sad
818,data/16k/training\Actor_23\23_01_01_01_kids-talking_sad.wav,sad
819,data/16k/training\Actor_23\23_01_01_02_dogs-sitting_sad.wav,sad
820,data/16k/training\Actor_23\23_01_01_02_kids-talking_sad.wav,sad
821,data/16k/training\Actor_23\23_01_02_01_dogs-sitting_sad.wav,sad
822,data/16k/training\Actor_23\23_01_02_01_kids-talking_sad.wav,sad
823,data/16k/training\Actor_23\23_01_02_02_dogs-sitting_sad.wav,sad
824,data/16k/training\Actor_23\23_01_02_02_kids-talking_sad.wav,sad
825,data/16k/training\Actor_24\03-02-04-01-01-01-24_sad.wav,sad
826,data/16k/training\Actor_24\03-02-04-01-01-02-24_sad.wav,sad
827,data/16k/training\Actor_24\03-02-04-01-02-01-24_sad.wav,sad
828,data/16k/training\Actor_24\03-02-04-01-02-02-24_sad.wav,sad
829,data/16k/training\Actor_24\03-02-04-02-01-01-24_sad.wav,sad
830,data/16k/training\Actor_24\03-02-04-02-01-02-24_sad.wav,sad
831,data/16k/training\Actor_24\03-02-04-02-02-01-24_sad.wav,sad
832,data/16k/training\Actor_24\03-02-04-02-02-02-24_sad.wav,sad
833,data/16k/training\Actor_24\24_01_01_01_dogs-sitting_sad.wav,sad
834,data/16k/training\Actor_24\24_01_01_01_kids-talking_sad.wav,sad
835,data/16k/training\Actor_24\24_01_01_02_dogs-sitting_sad.wav,sad
836,data/16k/training\Actor_24\24_01_01_02_kids-talking_sad.wav,sad
837,data/16k/training\Actor_24\24_01_02_01_dogs-sitting_sad.wav,sad
838,data/16k/training\Actor_24\24_01_02_01_kids-talking_sad.wav,sad
839,data/16k/training\Actor_24\24_01_02_02_dogs-sitting_sad.wav,sad
840,data/16k/training\Actor_24\24_01_02_02_kids-talking_sad.wav,sad
841,data/16k/training\Actor_25\25_01_01_01_back_sad.wav,sad
842,data/16k/training\Actor_25\25_01_01_01_bar_sad.wav,sad
843,data/16k/training\Actor_25\25_01_01_01_base_sad.wav,sad
844,data/16k/training\Actor_25\25_01_01_01_bath_sad.wav,sad
845,data/16k/training\Actor_25\25_01_01_01_bean_sad.wav,sad
846,data/16k/training\Actor_25\25_01_01_01_beg_sad.wav,sad
847,data/16k/training\Actor_25\25_01_01_01_bite_sad.wav,sad
848,data/16k/training\Actor_25\25_01_01_01_boat_sad.wav,sad
849,data/16k/training\Actor_25\25_01_01_01_bone_sad.wav,sad
850,data/16k/training\Actor_25\25_01_01_01_book_sad.wav,sad
851,data/16k/training\Actor_25\25_01_01_01_bought_sad.wav,sad
852,data/16k/training\Actor_25\25_01_01_01_burn_sad.wav,sad
853,data/16k/training\Actor_25\25_01_01_01_cab_sad.wav,sad
854,data/16k/training\Actor_25\25_01_01_01_calm_sad.wav,sad
855,data/16k/training\Actor_25\25_01_01_01_came_sad.wav,sad
856,data/16k/training\Actor_25\25_01_01_01_cause_sad.wav,sad
857,data/16k/training\Actor_25\25_01_01_01_chain_sad.wav,sad
858,data/16k/training\Actor_25\25_01_01_01_chair_sad.wav,sad
859,data/16k/training\Actor_25\25_01_01_01_chalk_sad.wav,sad
860,data/16k/training\Actor_25\25_01_01_01_chat_sad.wav,sad
861,data/16k/training\Actor_25\25_01_01_01_check_sad.wav,sad
862,data/16k/training\Actor_25\25_01_01_01_cheek_sad.wav,sad
863,data/16k/training\Actor_25\25_01_01_01_chief_sad.wav,sad
864,data/16k/training\Actor_25\25_01_01_01_choice_sad.wav,sad
865,data/16k/training\Actor_25\25_01_01_01_cool_sad.wav,sad
866,data/16k/training\Actor_25\25_01_01_01_dab_sad.wav,sad
867,data/16k/training\Actor_25\25_01_01_01_date_sad.wav,sad
868,data/16k/training\Actor_25\25_01_01_01_dead_sad.wav,sad
869,data/16k/training\Actor_25\25_01_01_01_death_sad.wav,sad
870,data/16k/training\Actor_25\25_01_01_01_deep_sad.wav,sad
871,data/16k/training\Actor_25\25_01_01_01_dime_sad.wav,sad
872,data/16k/training\Actor_25\25_01_01_01_dip_sad.wav,sad
873,data/16k/training\Actor_25\25_01_01_01_ditch_sad.wav,sad
874,data/16k/training\Actor_25\25_01_01_01_dodge_sad.wav,sad
875,data/16k/training\Actor_25\25_01_01_01_dog_sad.wav,sad
876,data/16k/training\Actor_25\25_01_01_01_doll_sad.wav,sad
877,data/16k/training\Actor_25\25_01_01_01_door_sad.wav,sad
878,data/16k/training\Actor_25\25_01_01_01_fail_sad.wav,sad
879,data/16k/training\Actor_25\25_01_01_01_fall_sad.wav,sad
880,data/16k/training\Actor_25\25_01_01_01_met_sad.wav,sad
881,data/16k/training\Actor_25\25_01_01_01_mill_sad.wav,sad
882,data/16k/training\Actor_25\25_01_01_01_mob_sad.wav,sad
883,data/16k/training\Actor_25\25_01_01_01_mode_sad.wav,sad
884,data/16k/training\Actor_25\25_01_01_01_mood_sad.wav,sad
885,data/16k/training\Actor_25\25_01_01_01_moon_sad.wav,sad
886,data/16k/training\Actor_26\26_01_01_01_team_sad.wav,sad
887,data/16k/training\Actor_26\26_01_01_01_tell_sad.wav,sad
888,data/16k/training\Actor_26\26_01_01_01_thin_sad.wav,sad
889,data/16k/training\Actor_26\26_01_01_01_third_sad.wav,sad
890,data/16k/training\Actor_26\26_01_01_01_thought_sad.wav,sad
891,data/16k/training\Actor_26\26_01_01_01_thumb_sad.wav,sad
